{"cameraMode":{"drawMode":0,"name":"Shaded","section":"Shading Mode"},"sceneLighting":false,"audioPlay":false,"sceneViewState":{"m_AlwaysRefresh":false,"showFog":true,"showSkybox":false,"showFlares":true,"showImageEffects":true,"showParticleSystems":true,"showVisualEffectGraphs":true,"m_FxEnabled":true},"in2DMode":false,"pivot":{"x":1319.122314453125,"y":854.4349975585938,"z":150.87258911132813},"rotation":{"x":0.061764221638441089,"y":-0.008080387488007546,"z":0.0005003296537324786,"w":0.9980601668357849},"size":249.38746643066407,"orthographic":false}