{"cameraMode":{"drawMode":0,"name":"Shaded","section":"Shading Mode"},"sceneLighting":true,"audioPlay":false,"sceneViewState":{"m_AlwaysRefresh":false,"showFog":true,"showSkybox":true,"showFlares":true,"showImageEffects":true,"showParticleSystems":true,"showVisualEffectGraphs":true,"m_FxEnabled":true},"in2DMode":false,"pivot":{"x":-130.89617919921876,"y":69.50504302978516,"z":8.92626953125},"rotation":{"x":0.0003094518615398556,"y":0.001807534252293408,"z":0.0000014421896139538149,"w":1.0000064373016358},"size":687.2936401367188,"orthographic":false}